,y_true_bool,y_predict_prob_0,y_predict_prob_1,y_true_binary,y_prediction
0,False,0.9315453295914294,0.06845467040857059,0,0
1,False,0.9574678301264479,0.04253216987355215,0,0
2,False,0.9731114483908889,0.026888551609111046,0,0
3,True,0.7603902670011451,0.23960973299885488,1,0
4,False,0.82186541623131,0.17813458376868999,0,0
5,False,0.9197051835662693,0.08029481643373076,0,0
6,False,0.9951889929063367,0.00481100709366338,0,0
7,False,0.9847476163450539,0.015252383654946043,0,0
8,False,0.7927158033572157,0.2072841966427843,0,0
9,False,0.9668103542294695,0.03318964577053046,0,0
10,False,0.8197985502135859,0.1802014497864141,0,0
11,False,0.75336133585928,0.24663866414071997,0,0
12,False,0.9718707790620005,0.028129220937999466,0,0
13,False,0.9896364020584414,0.010363597941558627,0,0
14,False,0.9118082871271991,0.08819171287280093,0,0
15,False,0.8754194542545763,0.12458054574542371,0,0
16,False,0.9717518584321551,0.028248141567844984,0,0
17,False,0.8952957406952973,0.10470425930470277,0,0
18,False,0.8981294094836141,0.10187059051638594,0,0
19,False,0.6847786187485845,0.3152213812514156,0,0
20,False,0.9381888789107509,0.061811121089249146,0,0
21,False,0.9950449997757297,0.004955000224270307,0,0
22,False,0.6354801792822655,0.36451982071773453,0,0
23,False,0.9910121752414491,0.008987824758550894,0,0
24,False,0.9266982007743693,0.07330179922563076,0,0
25,False,0.907393044392518,0.09260695560748204,0,0
26,False,0.7650106961225648,0.2349893038774352,0,0
27,False,0.6737807690943995,0.32621923090560045,0,0
28,False,0.9978251294753884,0.0021748705246116373,0,0
29,False,0.5742413489433429,0.42575865105665706,0,0
30,False,0.9570043713104048,0.04299562868959521,0,0
31,True,0.7602763578201084,0.2397236421798916,1,0
32,False,0.8521805334344269,0.14781946656557313,0,0
33,False,0.9797633167743887,0.020236683225611334,0,0
34,False,0.8512207024187025,0.1487792975812975,0,0
35,False,0.9338393574170608,0.0661606425829392,0,0
36,True,0.9293790057551586,0.0706209942448414,1,0
37,False,0.9969127655244486,0.0030872344755513803,0,0
38,False,0.752064383389019,0.24793561661098099,0,0
39,False,0.6803244314644524,0.31967556853554757,0,0
40,False,0.9392212463870732,0.06077875361292684,0,0
41,False,0.9753789835027407,0.024621016497259365,0,0
42,True,0.6795483008639992,0.3204516991360008,1,0
43,False,0.9316432340526503,0.06835676594734978,0,0
44,False,0.901305785034425,0.0986942149655749,0,0
45,False,0.9496723700816692,0.050327629918330834,0,0
46,True,0.9550472782192969,0.04495272178070303,1,0
47,False,0.9301128823372148,0.06988711766278523,0,0
48,False,0.9366289142625521,0.06337108573744785,0,0
49,False,0.7188983821953601,0.28110161780463994,0,0
50,False,0.9902489546273302,0.009751045372669832,0,0
51,True,0.9351452337247245,0.06485476627527557,1,0
52,True,0.8966603157070888,0.10333968429291122,1,0
53,False,0.9618613513818424,0.03813864861815759,0,0
54,False,0.8868361656727475,0.11316383432725258,0,0
55,False,0.9883755409289546,0.011624459071045411,0,0
56,False,0.9341505514732422,0.06584944852675774,0,0
57,False,0.9777133637073739,0.022286636292626016,0,0
58,True,0.6842936408634293,0.31570635913657075,1,0
59,False,0.946401948851984,0.05359805114801596,0,0
60,False,0.9081922330073752,0.0918077669926248,0,0
61,False,0.6869821225213084,0.3130178774786916,0,0
62,False,0.9685744998383007,0.03142550016169935,0,0
63,False,0.6771259520348374,0.3228740479651626,0,0
64,False,0.9872754681667665,0.012724531833233469,0,0
65,False,0.9566763978806293,0.043323602119370745,0,0
66,False,0.6818509906712971,0.3181490093287029,0,0
67,False,0.9844714343884111,0.015528565611588897,0,0
68,False,0.6667032685468688,0.3332967314531312,0,0
69,False,0.743000875012376,0.25699912498762395,0,0
70,False,0.823802840083434,0.176197159916566,0,0
71,False,0.704208172253367,0.29579182774663304,0,0
72,False,0.8783945621474338,0.12160543785256615,0,0
73,False,0.9485660917067358,0.05143390829326423,0,0
74,False,0.6005752975094638,0.39942470249053624,0,0
75,False,0.7184671922636418,0.28153280773635825,0,0
76,False,0.9698014488253264,0.030198551174673648,0,0
77,False,0.9804735068043793,0.01952649319562068,0,0
78,False,0.9686105101418999,0.031389489858100035,0,0
79,False,0.7800364190852396,0.21996358091476045,0,0
80,False,0.9794964327844042,0.02050356721559579,0,0
81,False,0.9478404199044601,0.052159580095539886,0,0
82,False,0.9826613733742898,0.017338626625710153,0,0
83,False,0.7252531944477603,0.27474680555223974,0,0
84,False,0.7899988115889574,0.21000118841104262,0,0
85,False,0.7739107512323619,0.22608924876763814,0,0
86,False,0.9742386277396251,0.025761372260374896,0,0
87,True,0.9713070995061363,0.028692900493863718,1,0
88,False,0.8157646813443795,0.1842353186556205,0,0
89,False,0.8318283029912503,0.1681716970087497,0,0
90,False,0.9708316095893186,0.029168390410681453,0,0
91,False,0.9845382967924488,0.015461703207551261,0,0
92,False,0.993434244591822,0.006565755408178001,0,0
93,False,0.9199163395013757,0.08008366049862424,0,0
94,False,0.9762087727077661,0.023791227292233926,0,0
95,False,0.5092018753249501,0.49079812467504985,0,0
96,False,0.8918499298978255,0.10815007010217453,0,0
97,False,0.5313524920699862,0.46864750793001375,0,0
98,True,0.9748593262715319,0.025140673728468014,1,0
99,False,0.9485796803467444,0.051420319653255574,0,0
100,False,0.8316446805236648,0.1683553194763352,0,0
101,False,0.9641517385877665,0.03584826141223352,0,0
102,False,0.4725549843484257,0.5274450156515743,0,1
103,False,0.9654034087493008,0.034596591250699256,0,0
104,False,0.8026623499984826,0.19733765000151732,0,0
105,False,0.9641739489877824,0.03582605101221761,0,0
106,False,0.9696829782913634,0.030317021708636604,0,0
107,False,0.7950669049550705,0.20493309504492946,0,0
108,False,0.8868191366798277,0.11318086332017234,0,0
109,True,0.8419757194217246,0.1580242805782754,1,0
110,False,0.50317317019424,0.49682682980576,0,0
111,False,0.9767583115372984,0.02324168846270156,0,0
112,False,0.8733350143435552,0.12666498565644477,0,0
113,False,0.9732750564329251,0.026724943567074843,0,0
114,False,0.8887224728472501,0.11127752715274981,0,0
115,False,0.9146220233159564,0.08537797668404357,0,0
116,False,0.8755972069949342,0.12440279300506588,0,0
117,False,0.8447839628709708,0.15521603712902926,0,0
118,False,0.9933893064730434,0.006610693526956685,0,0
119,False,0.9770700020022899,0.02292999799771011,0,0
120,False,0.8879849632854515,0.1120150367145485,0,0
121,False,0.9670199602976708,0.03298003970232921,0,0
122,True,0.6088675007189042,0.3911324992810959,1,0
123,False,0.8718036163000097,0.1281963836999903,0,0
124,False,0.9904340733959404,0.009565926604059596,0,0
125,False,0.6598399963837273,0.34016000361627274,0,0
126,False,0.9298676669024742,0.07013233309752577,0,0
127,False,0.9401963031260063,0.05980369687399362,0,0
128,False,0.9662347736806284,0.033765226319371615,0,0
129,True,0.9874875415428407,0.012512458457159321,1,0
130,True,0.8054602507541935,0.19453974924580653,1,0
131,False,0.9663338134428606,0.033666186557139426,0,0
132,False,0.9519289587182332,0.048071041281766744,0,0
133,False,0.6752197758697517,0.3247802241302483,0,0
134,False,0.9403811442347498,0.05961885576525014,0,0
135,False,0.9561801592705672,0.04381984072943283,0,0
136,False,0.9388193282144884,0.06118067178551158,0,0
137,False,0.9774008681080183,0.022599131891981688,0,0
138,False,0.9753602567107945,0.024639743289205433,0,0
139,False,0.9889765171242975,0.01102348287570254,0,0
140,False,0.9710559415886406,0.028944058411359438,0,0
141,False,0.9607019264531874,0.03929807354681262,0,0
142,False,0.6226441766360359,0.3773558233639641,0,0
143,False,0.9292235821170173,0.07077641788298275,0,0
144,False,0.8480601818692471,0.15193981813075283,0,0
145,False,0.9456512944067443,0.05434870559325572,0,0
146,False,0.5947539790602103,0.40524602093978973,0,0
147,False,0.9260412034357495,0.07395879656425049,0,0
148,False,0.9139311383178883,0.08606886168211164,0,0
149,False,0.9585086735436844,0.04149132645631558,0,0
150,False,0.9224593467319766,0.0775406532680234,0,0
151,True,0.6738146997633334,0.32618530023666653,1,0
152,False,0.836839627171565,0.16316037282843493,0,0
153,False,0.751940659962626,0.24805934003737398,0,0
154,False,0.8944310320615148,0.10556896793848522,0,0
155,True,0.9376865736215364,0.062313426378463564,1,0
156,False,0.9092258231551694,0.0907741768448306,0,0
157,True,0.9525636065749373,0.047436393425062715,1,0
158,False,0.8896521239887366,0.11034787601126336,0,0
159,False,0.9890055237379779,0.010994476262022063,0,0
160,False,0.949290273818223,0.050709726181777104,0,0
161,False,0.9189624809915311,0.08103751900846884,0,0
162,True,0.8991344275021279,0.10086557249787206,1,0
163,False,0.8128161668574451,0.1871838331425549,0,0
164,False,0.9577806579284984,0.04221934207150163,0,0
165,False,0.8095779465748177,0.19042205342518229,0,0
166,False,0.9653768219199077,0.03462317808009225,0,0
167,False,0.9802056948065758,0.01979430519342422,0,0
168,False,0.3335865567867252,0.6664134432132748,0,1
169,False,0.8280480587301686,0.17195194126983143,0,0
170,False,0.5261961997467894,0.47380380025321056,0,0
171,True,0.549363008492031,0.450636991507969,1,0
172,False,0.9185524506776919,0.08144754932230816,0,0
173,False,0.8028751255421889,0.19712487445781116,0,0
174,False,0.8583581552752916,0.14164184472470845,0,0
175,False,0.9687625020526806,0.031237497947319403,0,0
176,False,0.8816490084352704,0.11835099156472963,0,0
177,False,0.49869823485215226,0.5013017651478477,0,1
178,True,0.8467453433435835,0.15325465665641644,1,0
179,True,0.8181349279495256,0.18186507205047447,1,0
180,False,0.9271073901388441,0.07289260986115588,0,0
181,False,0.986056478929335,0.013943521070665032,0,0
182,False,0.9887240398181729,0.011275960181827124,0,0
183,False,0.8429513087718443,0.15704869122815568,0,0
184,False,0.7545947026022813,0.24540529739771866,0,0
185,False,0.9698113115814987,0.030188688418501284,0,0
186,True,0.7598591632205114,0.24014083677948866,1,0
187,True,0.9431511338884295,0.05684886611157052,1,0
188,False,0.981731225755111,0.01826877424488903,0,0
189,False,0.9628385217833798,0.03716147821662018,0,0
190,False,0.667218386552042,0.332781613447958,0,0
191,False,0.9805967669470462,0.019403233052953796,0,0
192,False,0.9042420520809966,0.09575794791900342,0,0
193,False,0.9227831999204911,0.07721680007950892,0,0
194,False,0.9924729341144687,0.007527065885531307,0,0
195,False,0.9681085050848989,0.03189149491510117,0,0
196,False,0.848019968472555,0.151980031527445,0,0
197,False,0.8397395690749803,0.16026043092501976,0,0
198,False,0.8672504088968651,0.13274959110313486,0,0
199,False,0.9398265183144788,0.060173481685521134,0,0
200,False,0.9803127504201852,0.01968724957981486,0,0
201,False,0.989670254199091,0.010329745800908934,0,0
202,False,0.9606525470371089,0.03934745296289112,0,0
203,False,0.9560076019355748,0.04399239806442527,0,0
204,False,0.8606930582461627,0.13930694175383732,0,0
205,True,0.7826074500989307,0.21739254990106927,1,0
206,True,0.7797489002426714,0.22025109975732865,1,0
207,False,0.9647768013754352,0.03522319862456475,0,0
208,False,0.9295090913785047,0.07049090862149536,0,0
209,True,0.7566330224089854,0.24336697759101458,1,0
210,False,0.9700444882736858,0.02995551172631415,0,0
211,True,0.6679672877475009,0.3320327122524991,1,0
212,False,0.8899624807165616,0.11003751928343847,0,0
213,False,0.8201745110240055,0.17982548897599449,0,0
214,False,0.9446454173283341,0.05535458267166596,0,0
215,False,0.8376333871205364,0.1623666128794636,0,0
216,False,0.9053187683047593,0.09468123169524069,0,0
217,False,0.5165276116291133,0.48347238837088663,0,0
218,False,0.8987091000480193,0.1012908999519807,0,0
219,False,0.9467184888291116,0.053281511170888404,0,0
220,True,0.4299018133291801,0.5700981866708199,1,1
221,False,0.8459339906509781,0.15406600934902195,0,0
222,True,0.6509712199537858,0.3490287800462142,1,0
223,False,0.9747851778692715,0.025214822130728422,0,0
224,True,0.9135672085807561,0.08643279141924386,1,0
225,False,0.9926021943084671,0.007397805691532936,0,0
226,True,0.43320560957987864,0.5667943904201214,1,1
227,False,0.9257056228714569,0.07429437712854317,0,0
228,False,0.9863870956902618,0.013612904309738189,0,0
229,False,0.7794719440284636,0.22052805597153635,0,0
230,False,0.9796689527695486,0.02033104723045147,0,0
231,False,0.9899152252842723,0.010084774715727664,0,0
232,False,0.9090466806932782,0.09095331930672176,0,0
233,False,0.8208438016963331,0.17915619830366697,0,0
234,False,0.9551908492837289,0.04480915071627111,0,0
235,False,0.8682226773759498,0.13177732262405017,0,0
236,False,0.8390419156760305,0.16095808432396952,0,0
237,True,0.8649406011907513,0.1350593988092487,1,0
238,False,0.9780963932841018,0.02190360671589825,0,0
239,False,0.8524357221529948,0.14756427784700515,0,0
240,False,0.9934479384407711,0.00655206155922889,0,0
241,False,0.8639080226693371,0.13609197733066294,0,0
242,False,0.8570461921471929,0.14295380785280712,0,0
243,False,0.8428879763444719,0.15711202365552812,0,0
244,False,0.9794363651179804,0.020563634882019604,0,0
245,False,0.9359817161232376,0.06401828387676245,0,0
246,False,0.88261187394673,0.11738812605327,0,0
247,False,0.9509057468123686,0.049094253187631366,0,0
248,False,0.8767642269673458,0.12323577303265418,0,0
249,False,0.9336489920623482,0.06635100793765178,0,0
250,False,0.8926665827873824,0.10733341721261755,0,0
251,False,0.9813566906872657,0.018643309312734294,0,0
252,False,0.9756059086977004,0.0243940913022996,0,0
253,False,0.9437537582759233,0.05624624172407671,0,0
254,False,0.9178890474043586,0.08211095259564138,0,0
255,False,0.9081642267584044,0.09183577324159561,0,0
256,False,0.8538970340690458,0.14610296593095418,0,0
257,True,0.9664998588205961,0.033500141179403926,1,0
258,False,0.8931277591038466,0.10687224089615344,0,0
259,False,0.8890673507547362,0.11093264924526376,0,0
260,True,0.8971069474544437,0.10289305254555621,1,0
261,False,0.8812131090209279,0.11878689097907212,0,0
262,False,0.8414530955817439,0.15854690441825614,0,0
263,True,0.6939442005759531,0.30605579942404687,1,0
264,False,0.9306672579972439,0.06933274200275613,0,0
265,False,0.8526871864710126,0.14731281352898742,0,0
266,False,0.5875785318098325,0.41242146819016745,0,0
267,False,0.8979507833301119,0.10204921666988813,0,0
268,False,0.9331883436989196,0.06681165630108046,0,0
269,False,0.9807352147088988,0.019264785291101198,0,0
270,False,0.728551455839699,0.2714485441603009,0,0
271,False,0.9107985855967881,0.08920141440321191,0,0
272,True,0.9809923019349701,0.019007698065029898,1,0
273,False,0.8961365208100046,0.10386347918999542,0,0
274,False,0.936862767827596,0.06313723217240393,0,0
275,False,0.9777762252501958,0.02222377474980415,0,0
276,False,0.9570949670353877,0.0429050329646123,0,0
277,False,0.7672818888060069,0.23271811119399305,0,0
278,True,0.9761493773991072,0.023850622600892758,1,0
279,False,0.804818096127094,0.195181903872906,0,0
280,False,0.9228677687421611,0.07713223125783887,0,0
281,False,0.8953058453868169,0.10469415461318307,0,0
282,False,0.9327717019349473,0.06722829806505272,0,0
283,False,0.9278940075237303,0.07210599247626968,0,0
284,False,0.8354745407682451,0.16452545923175493,0,0
285,False,0.9888452444930195,0.0111547555069805,0,0
286,False,0.4968535669024917,0.5031464330975083,0,1
287,False,0.8901668153070488,0.10983318469295118,0,0
288,False,0.9825102454988166,0.01748975450118343,0,0
289,True,0.7204510465927912,0.27954895340720876,1,0
290,False,0.9497331856406223,0.05026681435937774,0,0
291,True,0.539950331003779,0.460049668996221,1,0
292,False,0.8734500093217767,0.1265499906782233,0,0
293,False,0.7284794088586943,0.2715205911413057,0,0
294,False,0.9531692238537111,0.046830776146288916,0,0
295,True,0.8642430320425016,0.13575696795749834,1,0
296,False,0.8022619242753068,0.19773807572469318,0,0
297,False,0.8481407556940566,0.15185924430594347,0,0
298,True,0.8686437752069944,0.1313562247930056,1,0
299,False,0.9858814559069533,0.01411854409304672,0,0
300,True,0.7937251720963094,0.2062748279036906,1,0
301,False,0.6374674384562449,0.36253256154375507,0,0
302,False,0.9960496916331534,0.003950308366846575,0,0
303,False,0.9871409493395236,0.012859050660476384,0,0
304,False,0.6767358886241177,0.32326411137588223,0,0
305,False,0.8242005638902816,0.1757994361097184,0,0
306,False,0.9596405615925888,0.04035943840741118,0,0
307,False,0.809249188604598,0.19075081139540195,0,0
308,False,0.9322936582618012,0.06770634173819881,0,0
309,False,0.8802021780455348,0.11979782195446521,0,0
310,False,0.988119960018895,0.011880039981105024,0,0
311,False,0.9157091142505611,0.0842908857494389,0,0
312,False,0.9881331171471929,0.011866882852807082,0,0
313,False,0.7280714826148309,0.2719285173851691,0,0
314,True,0.5158737580995647,0.48412624190043524,1,0
315,False,0.9961135089392308,0.003886491060769251,0,0
316,False,0.9345524639973173,0.06544753600268269,0,0
317,False,0.8105835334128428,0.1894164665871571,0,0
318,False,0.9868842819046144,0.013115718095385623,0,0
319,False,0.9937622191569475,0.006237780843052483,0,0
320,False,0.9569393285320112,0.043060671467988726,0,0
321,False,0.973468439020424,0.026531560979576038,0,0
322,False,0.8471462425787778,0.1528537574212222,0,0
323,False,0.9867842875662791,0.01321571243372092,0,0
324,True,0.6061867948309261,0.393813205169074,1,0
325,False,0.7833509051434133,0.2166490948565867,0,0
326,False,0.983295657822981,0.016704342177018987,0,0
327,False,0.9582384335684199,0.04176156643158017,0,0
328,False,0.9885734925067259,0.01142650749327412,0,0
329,False,0.9884082206720798,0.011591779327920255,0,0
330,False,0.9239106303505296,0.07608936964947044,0,0
331,False,0.8349230657081049,0.16507693429189507,0,0
332,False,0.905357343205736,0.094642656794264,0,0
333,False,0.9858926398006782,0.014107360199321808,0,0
334,False,0.9859021933812171,0.014097806618782877,0,0
335,False,0.8240034885877282,0.1759965114122718,0,0
336,False,0.9644857768304191,0.03551422316958086,0,0
337,False,0.8669718345365758,0.1330281654634242,0,0
338,False,0.8387820120833681,0.16121798791663192,0,0
339,False,0.9763942182221617,0.023605781777838307,0,0
340,False,0.9279410381351894,0.07205896186481069,0,0
341,False,0.9731499000635264,0.02685009993647354,0,0
342,False,0.986299533611206,0.013700466388793941,0,0
343,False,0.982737339019077,0.01726266098092296,0,0
344,False,0.9830207910594344,0.016979208940565607,0,0
345,False,0.6187817594687707,0.3812182405312293,0,0
346,True,0.9138317810316965,0.08616821896830348,1,0
347,False,0.9293198655343292,0.07068013446567079,0,0
348,False,0.9047532426507875,0.09524675734921254,0,0
349,False,0.6626260495378091,0.3373739504621908,0,0
350,True,0.6043349743030223,0.3956650256969777,1,0
351,False,0.9753698317189958,0.02463016828100414,0,0
352,False,0.8415939278007478,0.15840607219925212,0,0
353,False,0.932950848664878,0.06704915133512206,0,0
354,False,0.9250831848151798,0.07491681518482021,0,0
355,False,0.9305005399991062,0.06949946000089381,0,0
356,False,0.7532834448423098,0.24671655515769014,0,0
357,False,0.9124967282911477,0.08750327170885229,0,0
358,False,0.9349962095131275,0.06500379048687249,0,0
359,False,0.9886569223077756,0.011343077692224427,0,0
360,False,0.9711570045214584,0.028842995478541657,0,0
361,False,0.9980068601493571,0.0019931398506429034,0,0
362,False,0.9669520872717509,0.03304791272824913,0,0
363,False,0.9966868252327521,0.0033131747672479218,0,0
364,False,0.9944535700511907,0.005546429948809298,0,0
365,False,0.8831843426982897,0.11681565730171033,0,0
366,False,0.9397918596932127,0.06020814030678728,0,0
367,False,0.885948858902899,0.11405114109710107,0,0
368,False,0.8854485755580007,0.11455142444199931,0,0
369,False,0.6877252753512462,0.31227472464875383,0,0
370,False,0.9900858503373796,0.00991414966262042,0,0
371,False,0.8716278898948309,0.12837211010516916,0,0
372,False,0.7298368689448316,0.27016313105516837,0,0
373,False,0.8457963093252602,0.1542036906747398,0,0
374,False,0.8352862975234567,0.16471370247654324,0,0
375,False,0.9373140948354304,0.06268590516456958,0,0
376,True,0.8465423461281532,0.15345765387184684,1,0
377,False,0.9907847783499223,0.009215221650077716,0,0
378,False,0.7970086224457783,0.2029913775542217,0,0
379,False,0.9181652089238738,0.08183479107612626,0,0
380,False,0.993549041948003,0.006450958051997012,0,0
381,True,0.9838749060632699,0.01612509393673013,1,0
382,False,0.9955090341617987,0.004490965838201351,0,0
383,False,0.9575883538994573,0.04241164610054267,0,0
384,False,0.8932998300431471,0.10670016995685291,0,0
385,False,0.9466649341440139,0.053335065855986075,0,0
386,False,0.8418687215044083,0.1581312784955917,0,0
387,False,0.6634134096100572,0.3365865903899427,0,0
388,False,0.9683949261967825,0.03160507380321749,0,0
389,False,0.9688791802174062,0.031120819782593803,0,0
390,False,0.9752644551815924,0.02473554481840757,0,0
391,False,0.8798379468857493,0.12016205311425066,0,0
392,False,0.8935685311544236,0.10643146884557637,0,0
393,True,0.7777841170444975,0.22221588295550254,1,0
394,False,0.8171000902040453,0.18289990979595466,0,0
395,False,0.9908531802427771,0.009146819757222903,0,0
396,False,0.9842322301828218,0.015767769817178225,0,0
397,True,0.9554967619798477,0.04450323802015229,1,0
398,False,0.960306209736777,0.03969379026322295,0,0
399,False,0.9443401193631316,0.05565988063686843,0,0
400,False,0.7787544131890144,0.2212455868109856,0,0
401,False,0.9473846516377428,0.05261534836225719,0,0
402,False,0.9608226186383377,0.03917738136166232,0,0
403,True,0.6515835322735302,0.3484164677264698,1,0
404,False,0.6983494464015538,0.3016505535984462,0,0
405,False,0.9811692483367362,0.018830751663263742,0,0
406,False,0.8751775571893935,0.12482244281060655,0,0
407,False,0.5301589528110819,0.46984104718891806,0,0
408,False,0.9987782921867758,0.0012217078132241974,0,0
409,False,0.8396535384456664,0.1603464615543336,0,0
410,False,0.886042696686859,0.11395730331314104,0,0
411,False,0.9171681514109892,0.08283184858901081,0,0
412,True,0.9433904259419159,0.05660957405808409,1,0
413,False,0.8542265270959312,0.14577347290406886,0,0
414,False,0.9952511395800671,0.0047488604199329276,0,0
415,False,0.744265253423847,0.2557347465761531,0,0
416,False,0.9033724382745553,0.09662756172544472,0,0
417,False,0.9264185300264947,0.07358146997350531,0,0
418,False,0.9942390072675238,0.0057609927324761955,0,0
419,False,0.8735609859513338,0.12643901404866614,0,0
420,True,0.4300362197812142,0.5699637802187858,1,1
421,False,0.8752063239547405,0.12479367604525944,0,0
422,False,0.9237247743706356,0.0762752256293644,0,0
423,True,0.8910889598333339,0.1089110401666661,1,0
424,False,0.9429372660242037,0.057062733975796365,0,0
425,False,0.8126924112429386,0.18730758875706144,0,0
426,True,0.8965425173314014,0.10345748266859851,1,0
427,False,0.9580163957484371,0.0419836042515629,0,0
428,False,0.9862671352963779,0.013732864703622071,0,0
429,False,0.9688932888508264,0.03110671114917359,0,0
430,False,0.9887782497089289,0.011221750291071057,0,0
431,False,0.9629723176883499,0.03702768231165013,0,0
432,False,0.9634681244885676,0.03653187551143244,0,0
433,False,0.918983244069378,0.081016755930622,0,0
434,False,0.9989084611757784,0.0010915388242216564,0,0
435,False,0.9557082557316057,0.044291744268394335,0,0
436,False,0.9376978269512077,0.0623021730487923,0,0
437,False,0.7994247890871322,0.20057521091286776,0,0
438,False,0.9661586329194767,0.03384136708052332,0,0
439,True,0.8787740738431127,0.12122592615688726,1,0
440,False,0.536488259003634,0.46351174099636605,0,0
441,True,0.9775152601273088,0.02248473987269117,1,0
442,False,0.913866374596509,0.08613362540349107,0,0
443,False,0.6822418485294787,0.31775815147052133,0,0
444,False,0.9712029841519907,0.028797015848009335,0,0
445,False,0.9802566340475788,0.019743365952421252,0,0
446,False,0.8553921398901724,0.14460786010982765,0,0
447,False,0.9985536629696046,0.0014463370303954377,0,0
448,False,0.8940674060921933,0.1059325939078067,0,0
449,False,0.8984086464746281,0.10159135352537184,0,0
450,False,0.9754648986173438,0.024535101382656195,0,0
451,False,0.4455350141510437,0.5544649858489563,0,1
452,False,0.68490069905238,0.31509930094761995,0,0
453,False,0.9695161693371066,0.030483830662893376,0,0
454,False,0.6294441048134762,0.3705558951865238,0,0
455,False,0.7671026792975524,0.23289732070244762,0,0
456,False,0.9663365075814523,0.03366349241854776,0,0
457,True,0.991470198656185,0.008529801343815003,1,0
458,False,0.9490806200515224,0.05091937994847765,0,0
459,False,0.9873105541159048,0.012689445884095188,0,0
460,False,0.9844434105633857,0.015556589436614357,0,0
461,False,0.9767639998325827,0.02323600016741733,0,0
462,False,0.6511451486208677,0.3488548513791323,0,0
463,False,0.6719886037325874,0.3280113962674126,0,0
464,False,0.8368278640398523,0.1631721359601477,0,0
465,False,0.8723117646031443,0.12768823539685567,0,0
466,False,0.9430835694366081,0.05691643056339188,0,0
467,False,0.9988650082328818,0.0011349917671181985,0,0
468,False,0.853154755321526,0.14684524467847407,0,0
469,False,0.9266525065814719,0.07334749341852807,0,0
470,False,0.5518995867770684,0.44810041322293154,0,0
471,True,0.9935888797093763,0.0064111202906237015,1,0
472,False,0.8142127349348919,0.18578726506510812,0,0
473,False,0.9814479399839826,0.018552060016017342,0,0
474,False,0.8557827296605447,0.14421727033945533,0,0
475,False,0.9773216906937678,0.02267830930623211,0,0
476,False,0.8955276073071997,0.10447239269280031,0,0
477,False,0.9947272927308777,0.005272707269122312,0,0
478,False,0.8734895072223011,0.12651049277769885,0,0
479,True,0.8776619980499196,0.12233800195008032,1,0
480,False,0.988304619625684,0.011695380374315919,0,0
481,False,0.9532361011303443,0.046763898869655686,0,0
482,False,0.9032346258823307,0.09676537411766922,0,0
483,False,0.7734823378586547,0.2265176621413453,0,0
484,False,0.969933400456206,0.03006659954379401,0,0
485,False,0.7939589855395173,0.20604101446048279,0,0
486,False,0.986746027072676,0.013253972927324052,0,0
487,False,0.9766261278923257,0.02337387210767432,0,0
488,False,0.9672622603169408,0.03273773968305913,0,0
489,False,0.923690581289307,0.076309418710693,0,0
490,True,0.49386990982633483,0.5061300901736652,1,1
491,False,0.9549570600804222,0.045042939919577765,0,0
492,True,0.8712176637729392,0.12878233622706084,1,0
493,False,0.9741629276599659,0.025837072340034076,0,0
494,False,0.9560496010473596,0.04395039895264045,0,0
495,False,0.8162831078106481,0.18371689218935192,0,0
496,False,0.9350207194664989,0.06497928053350109,0,0
497,False,0.9403334997801929,0.0596665002198071,0,0
498,True,0.15991542935542147,0.8400845706445785,1,1
499,False,0.9623304149421306,0.03766958505786948,0,0
500,False,0.9536216844613243,0.04637831553867568,0,0
501,False,0.9743939279522151,0.02560607204778486,0,0
502,False,0.995808022669248,0.004191977330752102,0,0
503,False,0.9033919719191374,0.09660802808086252,0,0
504,False,0.9068519919981595,0.09314800800184056,0,0
505,True,0.5956083554393581,0.40439164456064197,1,0
506,False,0.4351021982159107,0.5648978017840893,0,1
507,True,0.5566909944902498,0.44330900550975016,1,0
508,False,0.9384529219948954,0.061547078005104595,0,0
509,True,0.9651872426748805,0.034812757325119424,1,0
510,False,0.9495056089028749,0.050494391097125065,0,0
511,False,0.7539999751105734,0.2460000248894266,0,0
512,False,0.9456656206569362,0.054334379343063836,0,0
513,False,0.8914340856212338,0.10856591437876613,0,0
514,False,0.9697232662948544,0.030276733705145647,0,0
515,False,0.9509283076209957,0.04907169237900435,0,0
516,False,0.8200904552563852,0.17990954474361473,0,0
517,False,0.9842920285987438,0.015707971401256272,0,0
518,False,0.9630509459459636,0.03694905405403635,0,0
519,False,0.8562362243289757,0.14376377567102427,0,0
520,False,0.9860976235778244,0.013902376422175629,0,0
521,False,0.9748400744550276,0.025159925544972428,0,0
522,False,0.9209909389723636,0.07900906102763638,0,0
523,False,0.7802044396365471,0.21979556036345296,0,0
524,True,0.7788107838926744,0.22118921610732556,1,0
525,False,0.9363335469446433,0.0636664530553567,0,0
526,False,0.9793125691162979,0.020687430883702042,0,0
527,False,0.9145500019006934,0.0854499980993066,0,0
528,True,0.5130866757832693,0.48691332421673067,1,0
529,True,0.8363389276848228,0.1636610723151773,1,0
530,False,0.9964860259865751,0.0035139740134249057,0,0
531,False,0.862245801744264,0.13775419825573593,0,0
532,True,0.6479117202682777,0.3520882797317223,1,0
533,False,0.99245666940701,0.007543330592989993,0,0
534,True,0.8344869236474084,0.16551307635259155,1,0
535,False,0.9408278245092698,0.05917217549073014,0,0
536,False,0.9036983420081592,0.09630165799184073,0,0
537,False,0.9935375614932072,0.006462438506792811,0,0
538,True,0.8369067640738728,0.16309323592612726,1,0
539,False,0.8834592429291441,0.1165407570708559,0,0
540,False,0.920005538936539,0.07999446106346095,0,0
541,True,0.9823991549866758,0.017600845013324158,1,0
542,False,0.9814674543580165,0.018532545641983485,0,0
543,False,0.9434459199369588,0.05655408006304115,0,0
544,False,0.9886438266673029,0.01135617333269713,0,0
545,False,0.9024046023745255,0.09759539762547456,0,0
546,False,0.8021028429957126,0.19789715700428748,0,0
547,False,0.8610376153504368,0.13896238464956323,0,0
548,False,0.9400285651488176,0.05997143485118238,0,0
549,False,0.922816419380253,0.07718358061974691,0,0
550,False,0.9470505761056247,0.05294942389437534,0,0
551,False,0.9911221294434422,0.008877870556557808,0,0
552,False,0.72435986287756,0.27564013712244,0,0
553,False,0.3160001976954303,0.6839998023045697,0,1
554,False,0.9917981998056921,0.008201800194307905,0,0
555,False,0.7543735615697091,0.24562643843029092,0,0
556,False,0.970724794730572,0.0292752052694279,0,0
557,False,0.9673278929253267,0.032672107074673246,0,0
558,False,0.9795388914684747,0.02046110853152532,0,0
559,False,0.777749997662768,0.222250002337232,0,0
560,False,0.9871905993717432,0.012809400628256747,0,0
561,False,0.9609558282441778,0.03904417175582218,0,0
562,False,0.9220573124906521,0.0779426875093479,0,0
563,False,0.9775759756362179,0.022424024363782047,0,0
564,False,0.8391584853388263,0.16084151466117372,0,0
565,False,0.920953738483955,0.07904626151604495,0,0
566,False,0.9133125708153558,0.0866874291846442,0,0
567,False,0.9289556635752103,0.07104433642478973,0,0
568,False,0.930837802878902,0.06916219712109796,0,0
569,False,0.9446628209285237,0.05533717907147632,0,0
570,False,0.9423783762557916,0.05762162374420837,0,0
571,False,0.9951095538740851,0.0048904461259149075,0,0
572,False,0.9898868674884408,0.010113132511559224,0,0
573,False,0.9986577431375112,0.0013422568624887556,0,0
574,False,0.6861584940009322,0.31384150599906785,0,0
575,False,0.6327868035966464,0.36721319640335354,0,0
576,False,0.9073826777751993,0.09261732222480072,0,0
577,True,0.49964712713224657,0.5003528728677534,1,1
578,False,0.8815180960127693,0.11848190398723064,0,0
579,False,0.9791260182099757,0.020873981790024268,0,0
580,False,0.9509408651775323,0.04905913482246775,0,0
581,False,0.9033516635558829,0.0966483364441171,0,0
582,False,0.8944449765656,0.1055550234344,0,0
583,False,0.9822884386977776,0.017711561302222387,0,0
584,False,0.8484179517340147,0.15158204826598526,0,0
585,True,0.791406315357487,0.20859368464251304,1,0
586,False,0.9356502214223207,0.06434977857767933,0,0
587,False,0.8491960350795358,0.15080396492046422,0,0
588,True,0.2811982507740266,0.7188017492259734,1,1
589,False,0.6146396353900776,0.38536036460992246,0,0
590,False,0.997929563030209,0.0020704369697910753,0,0
591,False,0.9343411687963443,0.06565883120365565,0,0
592,False,0.7508979679711949,0.2491020320288051,0,0
593,False,0.9911785371552567,0.00882146284474332,0,0
594,False,0.7972150866470359,0.2027849133529641,0,0
595,False,0.7783120520329709,0.22168794796702904,0,0
596,False,0.9431502796870297,0.05684972031297028,0,0
597,False,0.993981164544021,0.006018835455979044,0,0
598,False,0.9867847454922406,0.013215254507759436,0,0
599,False,0.5720696146849369,0.4279303853150631,0,0
600,False,0.9335776602548816,0.06642233974511831,0,0
601,True,0.5993646657483742,0.40063533425162573,1,0
602,False,0.7718885816760346,0.22811141832396542,0,0
603,False,0.5526137757555594,0.44738622424444063,0,0
604,False,0.9473896509343831,0.05261034906561691,0,0
605,False,0.9335848021387472,0.06641519786125277,0,0
606,False,0.966900697628026,0.033099302371974025,0,0
607,False,0.990099036901192,0.009900963098807992,0,0
608,False,0.9546650569447599,0.04533494305524005,0,0
609,False,0.9449086935857156,0.05509130641428444,0,0
610,False,0.9059410013054332,0.09405899869456684,0,0
611,False,0.9886671874921491,0.011332812507850874,0,0
612,False,0.8899189903153802,0.11008100968461977,0,0
613,True,0.914210999139325,0.08578900086067497,1,0
614,False,0.9792928888431226,0.020707111156877407,0,0
615,False,0.7467486158438841,0.25325138415611587,0,0
616,False,0.9836853821697767,0.016314617830223234,0,0
617,False,0.90091208558974,0.09908791441025998,0,0
618,False,0.836642750876254,0.163357249123746,0,0
619,False,0.7282980768813092,0.2717019231186908,0,0
620,False,0.8426390237240087,0.1573609762759913,0,0
621,False,0.8250856075023175,0.1749143924976825,0,0
622,False,0.8826016531478231,0.11739834685217689,0,0
623,False,0.967699536609269,0.03230046339073096,0,0
624,False,0.8890532657730421,0.11094673422695789,0,0
625,False,0.9250140350749381,0.07498596492506192,0,0
626,False,0.9600823916121553,0.039917608387844715,0,0
627,False,0.9572747629378444,0.042725237062155606,0,0
628,False,0.9548856062219487,0.04511439377805122,0,0
629,True,0.9806459740383499,0.019354025961650107,1,0
630,False,0.23212954416292053,0.7678704558370795,0,1
631,False,0.7892727595956144,0.21072724040438562,0,0
632,False,0.915651182485864,0.08434881751413598,0,0
633,True,0.664237381048954,0.335762618951046,1,0
634,False,0.9690635898268851,0.030936410173114853,0,0
635,False,0.7249708862731581,0.27502911372684186,0,0
636,False,0.8107229725630831,0.1892770274369169,0,0
637,False,0.9910043688496333,0.008995631150366687,0,0
638,True,0.733648243164569,0.26635175683543094,1,0
639,False,0.9895310564089802,0.0104689435910198,0,0
640,False,0.8494338119121282,0.15056618808787178,0,0
641,False,0.9236269706024413,0.07637302939755872,0,0
642,True,0.7439266223918408,0.2560733776081592,1,0
643,False,0.8542310065748804,0.14576899342511965,0,0
644,False,0.8914755793735343,0.10852442062646567,0,0
645,False,0.8804986554382846,0.11950134456171538,0,0
646,False,0.930909244083296,0.06909075591670401,0,0
647,True,0.7286436747027689,0.27135632529723114,1,0
648,False,0.9477776006306029,0.05222239936939705,0,0
649,False,0.8156497743562177,0.18435022564378234,0,0
650,False,0.9669303876533396,0.03306961234666042,0,0
651,False,0.9744674873312811,0.02553251266871892,0,0
652,True,0.9884576766340729,0.011542323365927115,1,0
653,False,0.8306877350822555,0.16931226491774456,0,0
654,False,0.9707572770339132,0.02924272296608679,0,0
655,False,0.9079694476701922,0.09203055232980782,0,0
656,False,0.981752332369659,0.018247667630341007,0,0
657,False,0.9233281009406079,0.07667189905939213,0,0
658,False,0.9692570506149563,0.030742949385043794,0,0
659,False,0.9488697260642469,0.05113027393575307,0,0
660,False,0.8027229095998771,0.19727709040012284,0,0
661,False,0.8869551781789493,0.11304482182105066,0,0
662,False,0.7115689779086863,0.28843102209131366,0,0
663,False,0.8116313523649112,0.18836864763508876,0,0
664,False,0.9453156661246863,0.054684333875313636,0,0
665,True,0.894701151856584,0.1052988481434159,1,0
666,False,0.9934581396121152,0.006541860387884863,0,0
667,False,0.9848740943937079,0.015125905606292164,0,0
668,False,0.9227950003138259,0.07720499968617414,0,0
669,False,0.8322849419855786,0.16771505801442144,0,0
670,False,0.7434917783098878,0.2565082216901123,0,0
671,False,0.8375299561974657,0.16247004380253424,0,0
672,False,0.9156300409162008,0.08436995908379924,0,0
673,False,0.8721251827962129,0.1278748172037871,0,0
674,False,0.9206053571019795,0.07939464289802045,0,0
675,False,0.9467209496682907,0.05327905033170927,0,0
676,False,0.44161301366479955,0.5583869863352005,0,1
677,False,0.9653339778679124,0.034666022132087526,0,0
678,False,0.9762439418295134,0.023756058170486673,0,0
679,False,0.9274441003348746,0.07255589966512546,0,0
680,False,0.8962156473623588,0.10378435263764119,0,0
681,True,0.4157670456067867,0.5842329543932133,1,1
682,False,0.966188588775418,0.033811411224581964,0,0
683,False,0.9427581042389536,0.057241895761046394,0,0
684,False,0.8898874727971356,0.11011252720286434,0,0
685,False,0.910275460525913,0.08972453947408694,0,0
686,False,0.959934122985723,0.04006587701427705,0,0
687,False,0.8334484484301213,0.1665515515698787,0,0
688,False,0.26312198306599455,0.7368780169340055,0,1
689,False,0.8428172100207637,0.1571827899792363,0,0
690,True,0.4849397737897222,0.5150602262102778,1,1
691,False,0.876471629591693,0.12352837040830694,0,0
692,False,0.896330713919178,0.103669286080822,0,0
693,False,0.9130256390829933,0.08697436091700676,0,0
694,False,0.8097543486146187,0.19024565138538133,0,0
695,False,0.9882085157138955,0.011791484286104567,0,0
696,False,0.831266156833323,0.16873384316667694,0,0
697,False,0.5194258456721637,0.48057415432783634,0,0
698,False,0.9093381936942103,0.0906618063057897,0,0
699,True,0.9538493343512859,0.04615066564871411,1,0
700,True,0.8716502048946034,0.12834979510539654,1,0
701,False,0.9861248347208719,0.013875165279128144,0,0
702,False,0.9447890803938178,0.05521091960618221,0,0
703,False,0.9327426051543978,0.06725739484560223,0,0
704,False,0.854596594982033,0.14540340501796703,0,0
705,False,0.8128367804422876,0.18716321955771237,0,0
706,False,0.9784834856832316,0.02151651431676836,0,0
707,False,0.9668574762761956,0.033142523723804405,0,0
708,False,0.9774382890533369,0.022561710946663205,0,0
709,False,0.9059774256745227,0.09402257432547735,0,0
710,False,0.9531861963153414,0.04681380368465856,0,0
711,True,0.8057159047622441,0.19428409523775594,1,0
712,False,0.9935238438020864,0.006476156197913683,0,0
713,False,0.9311409772179433,0.06885902278205672,0,0
714,False,0.7652140504730759,0.2347859495269241,0,0
715,False,0.9680491443507868,0.031950855649213135,0,0
716,False,0.8924676839634763,0.10753231603652365,0,0
717,False,0.9179763508355846,0.08202364916441539,0,0
718,False,0.9992592346557393,0.0007407653442606814,0,0
719,False,0.7744868239167344,0.22551317608326557,0,0
720,False,0.9531124273701053,0.04688757262989473,0,0
721,False,0.9097595206762427,0.09024047932375738,0,0
722,False,0.9836677209268199,0.016332279073180102,0,0
723,False,0.9698405224756277,0.030159477524372272,0,0
724,False,0.9978335200127741,0.0021664799872258595,0,0
725,False,0.9571659380548826,0.042834061945117435,0,0
726,False,0.9147372365594438,0.0852627634405562,0,0
727,False,0.6734088269371143,0.3265911730628856,0,0
728,False,0.9068927989699647,0.09310720103003535,0,0
729,False,0.7096125224227121,0.2903874775772879,0,0
730,False,0.8785930654395404,0.12140693456045965,0,0
731,False,0.8795805143421844,0.12041948565781552,0,0
732,False,0.6905867082423918,0.30941329175760823,0,0
733,False,0.924504261546479,0.07549573845352095,0,0
734,False,0.9772501801736743,0.02274981982632573,0,0
735,False,0.7945121638941965,0.2054878361058034,0,0
736,False,0.9449198851866732,0.05508011481332676,0,0
737,False,0.6925421967552537,0.30745780324474625,0,0
738,False,0.9839158067930556,0.016084193206944437,0,0
739,False,0.9104924469942436,0.08950755300575645,0,0
740,False,0.9556372582549978,0.04436274174500219,0,0
741,False,0.8721708948488732,0.12782910515112678,0,0
742,False,0.9249316860781921,0.0750683139218079,0,0
743,False,0.7719786850639165,0.22802131493608352,0,0
744,False,0.850193544141048,0.14980645585895208,0,0
745,False,0.8297926973525409,0.17020730264745906,0,0
746,False,0.9513757316586352,0.04862426834136478,0,0
747,False,0.5765427605589373,0.4234572394410627,0,0
748,False,0.9506858564948757,0.04931414350512433,0,0
749,True,0.9508873346528474,0.04911266534715262,1,0
750,False,0.9298488510152577,0.07015114898474233,0,0
751,False,0.830321823092272,0.16967817690772796,0,0
752,False,0.8757337514841861,0.12426624851581387,0,0
753,False,0.8694641074224898,0.13053589257751017,0,0
754,False,0.9092794005008746,0.09072059949912531,0,0
755,True,0.9466123356703268,0.05338766432967328,1,0
756,False,0.982292567228336,0.017707432771663992,0,0
757,False,0.9713863935930401,0.028613606406959896,0,0
758,False,0.9429462251183712,0.057053774881628744,0,0
759,True,0.9498998372181203,0.05010016278187966,1,0
760,False,0.9025409365452516,0.09745906345474845,0,0
761,False,0.9952050411759851,0.00479495882401496,0,0
762,False,0.9718812829756975,0.02811871702430246,0,0
763,False,0.9353352384939873,0.06466476150601276,0,0
764,False,0.8874035142811941,0.11259648571880584,0,0
765,False,0.9593978836452494,0.04060211635475069,0,0
766,False,0.4296975867008006,0.5703024132991994,0,1
767,False,0.9936171837082481,0.0063828162917518435,0,0
768,False,0.8757410460536199,0.12425895394638004,0,0
769,False,0.8468273956532102,0.15317260434678975,0,0
770,False,0.9007472608337093,0.0992527391662907,0,0
771,False,0.9538999954637869,0.04610000453621311,0,0
772,False,0.9708895535150909,0.029110446484909073,0,0
773,False,0.9000059163280921,0.09999408367190792,0,0
774,False,0.9186774918606485,0.08132250813935149,0,0
775,False,0.7448304405008621,0.2551695594991379,0,0
776,False,0.7977870417044607,0.2022129582955393,0,0
777,False,0.9864702272796795,0.013529772720320498,0,0
778,False,0.9114664260300178,0.08853357396998221,0,0
779,False,0.902385850374657,0.097614149625343,0,0
780,False,0.8631221566567034,0.13687784334329658,0,0
781,False,0.638529577087358,0.36147042291264203,0,0
782,False,0.9280413908271155,0.0719586091728846,0,0
783,True,0.9025603249020409,0.09743967509795914,1,0
784,False,0.9656226433745461,0.03437735662545396,0,0
785,False,0.982009704151001,0.01799029584899897,0,0
786,False,0.9809298112254203,0.019070188774579673,0,0
787,False,0.8800434736889509,0.11995652631104914,0,0
788,False,0.9166686612104598,0.08333133878954027,0,0
789,False,0.9911705730528944,0.00882942694710566,0,0
790,False,0.8300114064100728,0.16998859358992724,0,0
791,False,0.9187708740490834,0.08122912595091653,0,0
792,False,0.969587316801831,0.030412683198169074,0,0
793,False,0.8406507692534454,0.15934923074655463,0,0
794,False,0.730328437387487,0.269671562612513,0,0
795,False,0.9846010812394225,0.01539891876057748,0,0
796,False,0.8728582743004074,0.12714172569959253,0,0
797,False,0.885584974526221,0.11441502547377905,0,0
798,False,0.9793528908748248,0.020647109125175162,0,0
799,False,0.887684375114095,0.112315624885905,0,0
800,False,0.4351049780612206,0.5648950219387794,0,1
801,False,0.8338897751118414,0.16611022488815863,0,0
802,False,0.9386403937473919,0.06135960625260804,0,0
803,False,0.818976879847912,0.181023120152088,0,0
804,False,0.9043006083291679,0.09569939167083208,0,0
805,False,0.9276837734464867,0.07231622655351337,0,0
806,False,0.949162456770735,0.05083754322926502,0,0
807,False,0.9425758469096084,0.057424153090391616,0,0
808,False,0.9861984018299129,0.013801598170087066,0,0
809,False,0.7697852467827353,0.23021475321726467,0,0
810,False,0.8489298973418788,0.15107010265812115,0,0
811,False,0.9767651575132638,0.023234842486736264,0,0
812,False,0.9859950215170649,0.014004978482935174,0,0
813,False,0.9896714849208869,0.010328515079113147,0,0
814,False,0.9533963231799983,0.04660367682000171,0,0
815,False,0.9206392654942449,0.0793607345057551,0,0
816,True,0.9406190946580676,0.05938090534193238,1,0
817,True,0.9198355841490793,0.08016441585092071,1,0
818,False,0.9805008801374628,0.01949911986253712,0,0
819,False,0.49447817506404634,0.5055218249359537,0,1
820,False,0.9622087460458949,0.037791253954105083,0,0
821,False,0.8151901597021864,0.18480984029781358,0,0
822,False,0.8431008988793414,0.15689910112065864,0,0
823,False,0.4236163113321664,0.5763836886678336,0,1
824,False,0.7556054729955669,0.24439452700443312,0,0
825,False,0.9913335310700369,0.00866646892996314,0,0
826,False,0.7806642101588583,0.2193357898411417,0,0
827,False,0.9775540300615376,0.022445969938462353,0,0
828,False,0.673150575766947,0.32684942423305297,0,0
829,False,0.5790098356391902,0.4209901643608098,0,0
830,False,0.9822898059534804,0.017710194046519648,0,0
831,False,0.9477812656765531,0.05221873432344689,0,0
832,False,0.9571876769180668,0.0428123230819332,0,0
833,False,0.9272060034667042,0.07279399653329577,0,0
834,False,0.9638872519781866,0.036112748021813364,0,0
835,False,0.8451153183839749,0.15488468161602512,0,0
836,False,0.8475998991155826,0.1524001008844174,0,0
837,False,0.9952418720668292,0.004758127933170714,0,0
838,True,0.9208886202656815,0.07911137973431849,1,0
839,False,0.9961954395760352,0.003804560423964869,0,0
840,False,0.8734199301754326,0.12658006982456735,0,0
841,False,0.9904335734760706,0.009566426523929354,0,0
842,False,0.9762239217267492,0.023776078273250796,0,0
843,False,0.9525958887303989,0.047404111269601104,0,0
844,False,0.9767123367634203,0.023287663236579683,0,0
845,False,0.8003014019081751,0.19969859809182486,0,0
846,False,0.9505859820065898,0.049414017993410164,0,0
847,False,0.9320970327259837,0.0679029672740164,0,0
848,False,0.8721612494733143,0.1278387505266857,0,0
849,False,0.9407877628146494,0.059212237185350576,0,0
850,False,0.8811631252038805,0.11883687479611947,0,0
851,False,0.9485412814136641,0.051458718586335925,0,0
852,False,0.8028147288381693,0.19718527116183074,0,0
853,False,0.9679374042702766,0.03206259572972335,0,0
854,False,0.9530519480825037,0.046948051917496236,0,0
855,False,0.9823566626482243,0.017643337351775746,0,0
856,False,0.8416591177054348,0.15834088229456522,0,0
857,False,0.9020268619914118,0.09797313800858817,0,0
858,False,0.9106564737188663,0.08934352628113368,0,0
859,False,0.9475010478100756,0.05249895218992437,0,0
860,False,0.9428912923239834,0.05710870767601664,0,0
861,False,0.979040846611741,0.020959153388259082,0,0
862,False,0.8329986249615096,0.1670013750384904,0,0
863,False,0.5357810086372291,0.4642189913627709,0,0
864,False,0.8818524936611289,0.1181475063388711,0,0
865,False,0.47802087654896175,0.5219791234510383,0,1
